{"bounds": {"south_west_long": -180.08203, "south_west_lat": -83.445323740999996, "north_east_lat": -53.029496402900001, "north_east_long": 180.08187999999998}, "threshold_info": {"10.0": {"count_of_points": 76561, "aep_min": 3.7999999999999998e-10, "ari_min": 1692.4460674093816, "ari_max": 2631578947.3684211, "aep_max": 0.00059086077793349997}, "1.0": {"count_of_points": 295203, "aep_min": 3.7999999999999998e-10, "ari_min": 194.18734820003075, "ari_max": 2631578947.3684211, "aep_max": 0.0051496660790171997}, "0.1": {"count_of_points": 830625, "aep_min": 3.7999999999999998e-10, "ari_min": 149.49498481242995, "ari_max": 2631578947.3684211, "aep_max": 0.0066891876088999999}, "1000.0": {"count_of_points": 239, "aep_min": 3.3628318999999998e-09, "ari_min": 87117.143973331258, "ari_max": 297368417.37465382, "aep_max": 1.1478796875e-05}, "10000.0": {"count_of_points": 0}, "100.0": {"count_of_points": 10306, "aep_min": 3.8735979999999998e-10, "ari_min": 39930.022166416573, "ari_max": 2581579193.2978077, "aep_max": 2.50438127941e-05}}}