{"bounds": {"south_west_long": -75.194739999999996, "south_west_lat": -50.216906474799998, "north_east_lat": -35.448561151100002, "north_east_long": -66.0565}, "threshold_info": {"10.0": {"count_of_points": 56, "aep_min": 1.7087923319999999e-07, "ari_min": 40639.487392923249, "ari_max": 5852086.1855084682, "aep_max": 2.46066095847e-05}, "1.0": {"count_of_points": 1063, "aep_min": 5.3592384799999998e-08, "ari_min": 2452.8109124982552, "ari_max": 18659367.44057712, "aep_max": 0.00040769551166970001}, "0.1": {"count_of_points": 6465, "aep_min": 5.3485200000000003e-08, "ari_min": 1426.0265822763149, "ari_max": 18696760.973129015, "aep_max": 0.00070124919999999999}, "1000.0": {"count_of_points": 0}, "10000.0": {"count_of_points": 0}, "100.0": {"count_of_points": 0}}}