{"bounds": {"south_west_long": 43.921869999999998, "south_west_lat": 38.317266187099996, "north_east_lat": 41.979496402900004, "north_east_long": 49.377009999999999}, "threshold_info": {"10.0": {"count_of_points": 64, "aep_min": 1.16366834e-08, "ari_min": 477417.43556702469, "ari_max": 85935138.52924794, "aep_max": 2.0946030151000001e-06}, "1.0": {"count_of_points": 902, "aep_min": 4.6314000000000004e-09, "ari_min": 69528.708318805046, "ari_max": 215917433.17355442, "aep_max": 1.4382548219e-05}, "0.1": {"count_of_points": 4875, "aep_min": 4.6314000000000004e-09, "ari_min": 43192.001933135791, "ari_max": 215917433.17355442, "aep_max": 2.3152434600000001e-05}, "1000.0": {"count_of_points": 0}, "10000.0": {"count_of_points": 0}, "100.0": {"count_of_points": 0}}}