{"bounds": {"south_west_long": 68.58062000000001, "south_west_lat": -54.848201438800004, "north_east_lat": -37.067266187099996, "north_east_long": 144.28402}, "threshold_info": {"10.0": {"count_of_points": 58, "aep_min": 2.4341268292999999e-06, "ari_min": 9129.4430327185783, "ari_max": 410824.93646708521, "aep_max": 0.00010953570731710001}, "1.0": {"count_of_points": 1413, "aep_min": 1.16385911e-08, "ari_min": 1018.8392095891977, "ari_max": 85921052.763852149, "aep_max": 0.00098150914353129989}, "0.1": {"count_of_points": 9341, "aep_min": 7.6000000000000002e-09, "ari_min": 533.4386240463989, "ari_max": 131578947.36842105, "aep_max": 0.0018746299104}, "1000.0": {"count_of_points": 0}, "10000.0": {"count_of_points": 0}, "100.0": {"count_of_points": 0}}}