{"bounds": {"south_west_long": 7.3155200000000002, "south_west_lat": 3.2003597122, "north_east_lat": 5.2888489208999996, "north_east_long": 10.794369999999999}, "threshold_info": {"10.0": {"count_of_points": 37, "aep_min": 1.6299707864999999e-06, "ari_min": 1249.5069817493845, "ari_max": 613507.92804531043, "aep_max": 0.00080031565617979996}, "1.0": {"count_of_points": 335, "aep_min": 1.1605392000000001e-06, "ari_min": 161.05937079144846, "ari_max": 861668.43825697573, "aep_max": 0.0062088905171178996}, "0.1": {"count_of_points": 1646, "aep_min": 1.1605392000000001e-06, "ari_min": 153.57773442449795, "ari_max": 861668.43825697573, "aep_max": 0.0065113605416}, "1000.0": {"count_of_points": 0}, "10000.0": {"count_of_points": 0}, "100.0": {"count_of_points": 0}}}