{"bounds": {"south_west_long": -148.04811000000001, "south_west_lat": 41.554676258999997, "north_east_lat": 66.799640287799988, "north_east_long": -102.84251}, "threshold_info": {"10.0": {"count_of_points": 32347, "aep_min": 7.5e-11, "ari_min": 4891.1714355588165, "ari_max": 13333333333.333334, "aep_max": 0.00020445000000000001}, "1.0": {"count_of_points": 121521, "aep_min": 7.5e-11, "ari_min": 7793.1568745934064, "ari_max": 13333333333.333334, "aep_max": 0.0001283177043773}, "0.1": {"count_of_points": 334003, "aep_min": 7.5e-11, "ari_min": 4970.4201202773475, "ari_max": 13333333333.333334, "aep_max": 0.0002011902366}, "1000.0": {"count_of_points": 123, "aep_min": 1.0714286000000001e-09, "ari_min": 14653338.154398812, "ari_max": 933333308.44444501, "aep_max": 6.8243835600000006e-08}, "10000.0": {"count_of_points": 0}, "100.0": {"count_of_points": 4223, "aep_min": 8.3240799999999998e-11, "ari_min": 4340503.2220833693, "ari_max": 12013339612.305504, "aep_max": 2.3038803309999999e-07}}}