{"bounds": {"south_west_long": -26.416220000000003, "south_west_lat": 13.5420863309, "north_east_lat": 15.945323740999999, "north_east_long": -23.072119999999998}, "threshold_info": {"10.0": {"count_of_points": 32, "aep_min": 9.6202225480000007e-07, "ari_min": 291.45095339338553, "ari_max": 1039476.9923569963, "aep_max": 0.003431109036896}, "1.0": {"count_of_points": 353, "aep_min": 6.5706119999999999e-07, "ari_min": 282.28636198868935, "ari_max": 1521928.2465621163, "aep_max": 0.0035425019932067}, "0.1": {"count_of_points": 1938, "aep_min": 6.5706119999999999e-07, "ari_min": 270.95615284294985, "ari_max": 1521928.2465621163, "aep_max": 0.0036906340362}, "1000.0": {"count_of_points": 0}, "10000.0": {"count_of_points": 0}, "100.0": {"count_of_points": 0}}}