{"bounds": {"south_west_long": -82.156679999999994, "south_west_lat": -52.869784172700001, "north_east_lat": -15.6643884892, "north_east_long": -53.525010000000002}, "threshold_info": {"10.0": {"count_of_points": 43981, "aep_min": 6.2000000000000006e-11, "ari_min": 12379.747383006692, "ari_max": 16129032258.064514, "aep_max": 8.07770925417e-05}, "1.0": {"count_of_points": 119228, "aep_min": 6.2000000000000006e-11, "ari_min": 927.87617904779165, "ari_max": 16129032258.064514, "aep_max": 0.0010777300059865999}, "0.1": {"count_of_points": 272329, "aep_min": 6.2000000000000006e-11, "ari_min": 695.04144681998332, "ari_max": 16129032258.064514, "aep_max": 0.0014387631191999999}, "1000.0": {"count_of_points": 222, "aep_min": 1.0163934000000001e-09, "ari_min": 571065.24271972501, "ari_max": 983871009.00104225, "aep_max": 1.7511134021e-06}, "10000.0": {"count_of_points": 0}, "100.0": {"count_of_points": 6596, "aep_min": 7.3985699999999994e-11, "ari_min": 65272.246233322832, "ari_max": 13516125413.424488, "aep_max": 1.53204471687e-05}}}