{"bounds": {"south_west_long": -70.254009999999994, "south_west_lat": -21.979496402900001, "north_east_lat": -17.642805755399998, "north_east_long": -66.191250000000011}, "threshold_info": {"10.0": {"count_of_points": 53, "aep_min": 1.098258727e-07, "ari_min": 42350.337646176762, "ari_max": 9105322.5930796545, "aep_max": 2.3612562628300002e-05}, "1.0": {"count_of_points": 714, "aep_min": 1.29770992e-08, "ari_min": 5121.7500832865353, "ari_max": 77058823.746989623, "aep_max": 0.00019524576243250001}, "0.1": {"count_of_points": 3472, "aep_min": 1.02e-08, "ari_min": 3591.4664710947491, "ari_max": 98039215.686274514, "aep_max": 0.00027843779359999998}, "1000.0": {"count_of_points": 0}, "10000.0": {"count_of_points": 0}, "100.0": {"count_of_points": 0}}}