{"bounds": {"south_west_long": -89.073709999999991, "south_west_lat": -61.412949640299999, "north_east_lat": -9.2345323741000005, "north_east_long": -49.886829999999996}, "threshold_info": {"10.0": {"count_of_points": 102234, "aep_min": 2.2022e-11, "ari_min": 640.8288725407823, "ari_max": 45409136318.227226, "aep_max": 0.0015604790028189001}, "1.0": {"count_of_points": 251982, "aep_min": 2.2000000000000002e-11, "ari_min": 91.393719365715896, "ari_max": 45454545454.545448, "aep_max": 0.010941670904085401}, "0.1": {"count_of_points": 534850, "aep_min": 2.2000000000000002e-11, "ari_min": 57.651562620276188, "ari_max": 45454545454.545448, "aep_max": 0.017345583615599999}, "1000.0": {"count_of_points": 751, "aep_min": 6.4705879999999997e-10, "ari_min": 28531.587521157398, "ari_max": 1545454601.6528947, "aep_max": 3.50488734375e-05}, "10000.0": {"count_of_points": 0}, "100.0": {"count_of_points": 21664, "aep_min": 2.78834e-11, "ari_min": 6704.5447458213621, "ari_max": 35863632125.207115, "aep_max": 0.0001491525581395}}}