{"bounds": {"south_west_long": 126.20755000000001, "south_west_lat": 40.115827338099997, "north_east_lat": 44.092805755400001, "north_east_long": 132.92033000000001}, "threshold_info": {"10.0": {"count_of_points": 50, "aep_min": 2.4000387099999999e-07, "ari_min": 36231.299682156983, "ari_max": 4166599.4628894967, "aep_max": 2.76004451613e-05}, "1.0": {"count_of_points": 949, "aep_min": 7.4475675700000002e-08, "ari_min": 4517.5951664340018, "ari_max": 13427202.782666394, "aep_max": 0.00022135670930190001}, "0.1": {"count_of_points": 5667, "aep_min": 7.4401200000000003e-08, "ari_min": 2718.4722220908293, "ari_max": 13440643.430482304, "aep_max": 0.00036785367600000003}, "1000.0": {"count_of_points": 0}, "10000.0": {"count_of_points": 0}, "100.0": {"count_of_points": 0}}}