{"bounds": {"south_west_long": 79.674810000000008, "south_west_lat": 19.162589928099997, "north_east_lat": 49.578417266199999, "north_east_long": 130.71946}, "threshold_info": {"10.0": {"count_of_points": 4, "aep_min": 1.2935999999999999e-05, "ari_min": 3144.5552026665828, "ari_max": 77303.648732220157, "aep_max": 0.00031801000000000003}, "1.0": {"count_of_points": 576, "aep_min": 1.66153846e-08, "ari_min": 3441.6785289025061, "ari_max": 60185185.240912206, "aep_max": 0.00029055589928059998}, "0.1": {"count_of_points": 5916, "aep_min": 1.0800000000000001e-08, "ari_min": 3113.4209927391912, "ari_max": 92592592.592592582, "aep_max": 0.00032119009999999999}, "1000.0": {"count_of_points": 0}, "10000.0": {"count_of_points": 0}, "100.0": {"count_of_points": 0}}}