{"bounds": {"south_west_long": -79.865979999999993, "south_west_lat": 0.14280575539999998, "north_east_lat": 1.4669064748, "north_east_long": -77.10578000000001}, "threshold_info": {"10.0": {"count_of_points": 23, "aep_min": 7.79667638e-08, "ari_min": 21665.503424920294, "ari_max": 12825978.035528006, "aep_max": 4.6156324198299998e-05}, "1.0": {"count_of_points": 212, "aep_min": 5.3485200000000003e-08, "ari_min": 3629.6904311814378, "ari_max": 18696760.973129015, "aep_max": 0.00027550558896409998}, "0.1": {"count_of_points": 1011, "aep_min": 5.3485200000000003e-08, "ari_min": 3363.3207753594957, "ari_max": 18696760.973129015, "aep_max": 0.00029732519339999998}, "1000.0": {"count_of_points": 0}, "10000.0": {"count_of_points": 0}, "100.0": {"count_of_points": 0}}}