{"bounds": {"south_west_long": -90.511019999999988, "south_west_lat": -7.9956834531999998, "north_east_lat": 13.4723021583, "north_east_long": -65.697180000000003}, "threshold_info": {"10.0": {"count_of_points": 16997, "aep_min": 9.7000000000000001e-11, "ari_min": 1070.2793173471632, "ari_max": 10309278350.515463, "aep_max": 0.00093433553633330004}, "1.0": {"count_of_points": 45868, "aep_min": 9.7000000000000001e-11, "ari_min": 181.09382430862479, "ari_max": 10309278350.515463, "aep_max": 0.0055219994597705}, "0.1": {"count_of_points": 111528, "aep_min": 9.7000000000000001e-11, "ari_min": 169.01296398441755, "ari_max": 10309278350.515463, "aep_max": 0.0059167058929999999}, "1000.0": {"count_of_points": 264, "aep_min": 5.3591159999999995e-10, "ari_min": 44127.33383449517, "ari_max": 1865979389.1380594, "aep_max": 2.2661690909100001e-05}, "10000.0": {"count_of_points": 0}, "100.0": {"count_of_points": 3781, "aep_min": 9.7000000000000001e-11, "ari_min": 5305.6434094502129, "ari_max": 10309278350.515463, "aep_max": 0.0001884785544047}}}