{"bounds": {"south_west_long": 42.843890000000002, "south_west_lat": -12.177338129499999, "north_east_lat": -11.2129496403, "north_east_long": 44.076950000000004}, "threshold_info": {"10.0": {"count_of_points": 1, "aep_min": 0.0060857949999999997, "ari_min": 164.31706950365566, "ari_max": 164.31706950365566, "aep_max": 0.0060857949999999997}, "1.0": {"count_of_points": 44, "aep_min": 6.5088716578000002e-06, "ari_min": 172.23818384071461, "ari_max": 153636.45998483247, "aep_max": 0.0058059135187166003}, "0.1": {"count_of_points": 318, "aep_min": 6.0857949999999999e-06, "ari_min": 162.20836081308553, "ari_max": 164317.06950365566, "aep_max": 0.006164910335}, "1000.0": {"count_of_points": 0}, "10000.0": {"count_of_points": 0}, "100.0": {"count_of_points": 0}}}