{"bounds": {"south_west_long": -97.158549999999991, "south_west_lat": 1.4017985611999999, "north_east_lat": 19.092805755400001, "north_east_long": -72.973530000000011}, "threshold_info": {"10.0": {"count_of_points": 7994, "aep_min": 1.2000000000000001e-11, "ari_min": 175.9955541337803, "ari_max": 83333333333.333328, "aep_max": 0.0056819617116001999}, "1.0": {"count_of_points": 26837, "aep_min": 1.2000000000000001e-11, "ari_min": 142.77700136321008, "ari_max": 83333333333.333328, "aep_max": 0.0070039291374113001}, "0.1": {"count_of_points": 103123, "aep_min": 1.2000000000000001e-11, "ari_min": 117.06070250149327, "ari_max": 83333333333.333328, "aep_max": 0.0085425764464999998}, "1000.0": {"count_of_points": 131, "aep_min": 7.7419400000000005e-11, "ari_min": 99684.068560137282, "ari_max": 12916659131.948839, "aep_max": 1.0031693273e-05}, "10000.0": {"count_of_points": 0}, "100.0": {"count_of_points": 1837, "aep_min": 1.2012e-11, "ari_min": 9689.8262213982234, "ari_max": 83250083250.083252, "aep_max": 0.00010320102519400001}}}