{"bounds": {"south_west_long": 41.945569999999996, "south_west_lat": 11.069064748200001, "north_east_lat": 12.078417266199999, "north_east_long": 43.223550000000003}, "threshold_info": {"10.0": {"count_of_points": 1, "aep_min": 0.00049326969999999998, "ari_min": 2027.288519850297, "ari_max": 2027.288519850297, "aep_max": 0.00049326969999999998}, "1.0": {"count_of_points": 40, "aep_min": 3.5915953110000001e-07, "ari_min": 2971.4813801093546, "ari_max": 2784278.0530904862, "aep_max": 0.00033653248063199998}, "0.1": {"count_of_points": 308, "aep_min": 3.5233550000000003e-07, "ari_min": 2804.54933576128, "ari_max": 2838203.9277904155, "aep_max": 0.00035656352600000002}, "1000.0": {"count_of_points": 0}, "10000.0": {"count_of_points": 0}, "100.0": {"count_of_points": 0}}}