{"bounds": {"south_west_long": -63.381900000000002, "south_west_lat": 14.441366906500001, "north_east_lat": 16.664748201400002, "north_east_long": -60.307290000000002}, "threshold_info": {"10.0": {"count_of_points": 41, "aep_min": 3.3021024300000001e-08, "ari_min": 5649.7175141242942, "ari_max": 30283736.534484182, "aep_max": 0.00017699999999999999}, "1.0": {"count_of_points": 384, "aep_min": 2.4501600000000001e-08, "ari_min": 6928.3954189285923, "ari_max": 40813661.148659676, "aep_max": 0.00014433356347819999}, "0.1": {"count_of_points": 1651, "aep_min": 2.4501600000000001e-08, "ari_min": 3838.3252864762862, "ari_max": 40813661.148659676, "aep_max": 0.00026053029000000001}, "1000.0": {"count_of_points": 0}, "10000.0": {"count_of_points": 0}, "100.0": {"count_of_points": 0}}}