{"bounds": {"south_west_long": 28.650509999999997, "south_west_lat": -1.9255395683000001, "north_east_lat": -0.96115107910000008, "north_east_long": 30.063230000000001}, "threshold_info": {"10.0": {"count_of_points": 0}, "1.0": {"count_of_points": 54, "aep_min": 1.1515555556e-06, "ari_min": 75.727269836684016, "ari_max": 868390.58275305328, "aep_max": 0.0132052826169045}, "0.1": {"count_of_points": 322, "aep_min": 1.0363999999999999e-06, "ari_min": 71.241865957104665, "ari_max": 964878.42531840992, "aep_max": 0.014036690176}, "1000.0": {"count_of_points": 0}, "10000.0": {"count_of_points": 0}, "100.0": {"count_of_points": 0}}}