{"bounds": {"south_west_long": 28.02169, "south_west_lat": -2.3751798560999999, "north_east_lat": -0.60143884889999999, "north_east_long": 31.320870000000003}, "threshold_info": {"10.0": {"count_of_points": 32, "aep_min": 1.149401786e-07, "ari_min": 15732.690574259923, "ari_max": 8700177.8854030762, "aep_max": 6.3561918749999998e-05}, "1.0": {"count_of_points": 304, "aep_min": 7.7239799999999998e-08, "ari_min": 2470.5291615753763, "ari_max": 12946693.285068061, "aep_max": 0.00040477158317059998}, "0.1": {"count_of_points": 1679, "aep_min": 7.7239799999999998e-08, "ari_min": 2336.2011032784935, "ari_max": 12946693.285068061, "aep_max": 0.00042804534190000001}, "1000.0": {"count_of_points": 0}, "10000.0": {"count_of_points": 0}, "100.0": {"count_of_points": 0}}}