{"bounds": {"south_west_long": -92.127979999999994, "south_west_lat": -10.648561151099999, "north_east_lat": 9.3356115107999997, "north_east_long": -65.382770000000008}, "threshold_info": {"10.0": {"count_of_points": 13514, "aep_min": 3.5999999999999998e-11, "ari_min": 524.42867429150999, "ari_max": 27777777777.777779, "aep_max": 0.001906837}, "1.0": {"count_of_points": 38996, "aep_min": 3.5999999999999998e-11, "ari_min": 230.92006370455616, "ari_max": 27777777777.777779, "aep_max": 0.0043305028760057002}, "0.1": {"count_of_points": 106729, "aep_min": 3.5999999999999998e-11, "ari_min": 218.92944506947754, "ari_max": 27777777777.777779, "aep_max": 0.0045676816093999997}, "1000.0": {"count_of_points": 425, "aep_min": 2.25e-10, "ari_min": 183151.92822913505, "ari_max": 4444444444.4444447, "aep_max": 5.4599479769e-06}, "10000.0": {"count_of_points": 0}, "100.0": {"count_of_points": 3846, "aep_min": 3.5999999999999998e-11, "ari_min": 16829.174827230447, "ari_max": 27777777777.777779, "aep_max": 5.9420619862000003e-05}}}