{"bounds": {"south_west_long": -102.81793999999999, "south_west_lat": 4.4143884892000003, "north_east_lat": 22.7348920863, "north_east_long": -73.916760000000011}, "threshold_info": {"10.0": {"count_of_points": 7549, "aep_min": 3.1671e-09, "ari_min": 240.85317107433758, "ari_max": 315746266.30040103, "aep_max": 0.0041519071371967}, "1.0": {"count_of_points": 28373, "aep_min": 3.1671e-09, "ari_min": 233.50312243756423, "ari_max": 315746266.30040103, "aep_max": 0.0042825979779666}, "0.1": {"count_of_points": 111699, "aep_min": 3.1671e-09, "ari_min": 202.45409777342726, "ari_max": 315746266.30040103, "aep_max": 0.0049393912546000004}, "1000.0": {"count_of_points": 101, "aep_min": 1.59954545e-08, "ari_min": 142728.59846775039, "ari_max": 62517760.905137144, "aep_max": 7.0063043477999997e-06}, "10000.0": {"count_of_points": 0}, "100.0": {"count_of_points": 1625, "aep_min": 3.1798193000000001e-09, "ari_min": 17691.89309765822, "ari_max": 314483278.97122961, "aep_max": 5.6523063669900001e-05}}}