{"bounds": {"south_west_long": 39.969279999999998, "south_west_lat": 12.5528776978, "north_east_lat": 15.0010791367, "north_east_long": 44.121870000000001}, "threshold_info": {"10.0": {"count_of_points": 41, "aep_min": 1.12104209e-07, "ari_min": 2500.1263262305038, "ari_max": 8920271.673296405, "aep_max": 0.00039997978882440002}, "1.0": {"count_of_points": 443, "aep_min": 7.7239799999999998e-08, "ari_min": 2555.6859089078894, "ari_max": 12946693.285068061, "aep_max": 0.00039128438925710001}, "0.1": {"count_of_points": 2304, "aep_min": 7.7239799999999998e-08, "ari_min": 2305.0121663209788, "ari_max": 12946693.285068061, "aep_max": 0.00043383718950000002}, "1000.0": {"count_of_points": 0}, "10000.0": {"count_of_points": 0}, "100.0": {"count_of_points": 0}}}