{"bounds": {"south_west_long": 25.730979999999999, "south_west_lat": -1.2960431655, "north_east_lat": 21.655755395700002, "north_east_long": 51.892290000000003}, "threshold_info": {"10.0": {"count_of_points": 13431, "aep_min": 5.2000000000000001e-11, "ari_min": 1648.5733898966184, "ari_max": 19230769230.76923, "aep_max": 0.00060658506689999995}, "1.0": {"count_of_points": 46187, "aep_min": 5.2000000000000001e-11, "ari_min": 1787.6111586954053, "ari_max": 19230769230.76923, "aep_max": 0.00055940577185130001}, "0.1": {"count_of_points": 148526, "aep_min": 5.2000000000000001e-11, "ari_min": 1641.942868371307, "ari_max": 19230769230.76923, "aep_max": 0.00060903458899999997}, "1000.0": {"count_of_points": 121, "aep_min": 3.5374150000000002e-10, "ari_min": 824152.72057128733, "ari_max": 2826923049.7411242, "aep_max": 1.2133673469000001e-06}, "10000.0": {"count_of_points": 0}, "100.0": {"count_of_points": 2504, "aep_min": 5.2052100000000001e-11, "ari_min": 142583.24444910837, "ari_max": 19211520764.772217, "aep_max": 7.0134468034000004e-06}}}