{"bounds": {"south_west_long": 41.631160000000001, "south_west_lat": 11.8784172662, "north_east_lat": 12.8877697842, "north_east_long": 42.954059999999998}, "threshold_info": {"10.0": {"count_of_points": 1, "aep_min": 0.00035233550000000001, "ari_min": 2838.2039277904155, "ari_max": 2838.2039277904155, "aep_max": 0.00035233550000000001}, "1.0": {"count_of_points": 44, "aep_min": 3.7010031510000001e-07, "ari_min": 3098.5896092392309, "ari_max": 2701970.1394466604, "aep_max": 0.00032272747478990002}, "0.1": {"count_of_points": 345, "aep_min": 3.5233550000000003e-07, "ari_min": 2788.0195754326282, "ari_max": 2838203.9277904155, "aep_max": 0.00035867753900000002}, "1000.0": {"count_of_points": 0}, "10000.0": {"count_of_points": 0}, "100.0": {"count_of_points": 0}}}