{"bounds": {"south_west_long": -180.07304999999999, "south_west_lat": -19.596402877700001, "north_east_lat": -16.383812949599999, "north_east_long": 180.08187999999998}, "threshold_info": {"10.0": {"count_of_points": 2, "aep_min": 2.4000000000000001e-05, "ari_min": 4764.1280216481973, "ari_max": 41666.666666666664, "aep_max": 0.00020990200000000001}, "1.0": {"count_of_points": 82, "aep_min": 2.5889967599999998e-08, "ari_min": 5253.8981920974511, "ari_max": 38625000.056006253, "aep_max": 0.0001903348644068}, "0.1": {"count_of_points": 621, "aep_min": 2.4e-08, "ari_min": 4740.4258921872615, "ari_max": 41666666.666666664, "aep_max": 0.00021095150999999999}, "1000.0": {"count_of_points": 0}, "10000.0": {"count_of_points": 0}, "100.0": {"count_of_points": 0}}}