{"bounds": {"south_west_long": -180.08203, "south_west_lat": -47.788848920900001, "north_east_lat": 47.644964028800004, "north_east_long": 180.08187999999998}, "threshold_info": {"10.0": {"count_of_points": 21619, "aep_min": 7.7600000000000001e-10, "ari_min": 1121.3986000805266, "ari_max": 1288659793.8144329, "aep_max": 0.00089174357800000004}, "1.0": {"count_of_points": 108484, "aep_min": 7.7600000000000001e-10, "ari_min": 187.68639980953884, "ari_max": 1288659793.8144329, "aep_max": 0.0053280365599999999}, "0.1": {"count_of_points": 421368, "aep_min": 7.7600000000000001e-10, "ari_min": 122.26279682672661, "ari_max": 1288659793.8144329, "aep_max": 0.0081791029320000003}, "1000.0": {"count_of_points": 71, "aep_min": 5.7910447999999998e-09, "ari_min": 914721.2108170375, "ari_max": 172680411.65904987, "aep_max": 1.0932292683000001e-06}, "10000.0": {"count_of_points": 0}, "100.0": {"count_of_points": 2420, "aep_min": 7.8147029999999998e-10, "ari_min": 169576.17102789486, "ari_max": 1279639162.2304776, "aep_max": 5.8970549573000002e-06}}}