{"bounds": {"south_west_long": 10.05538, "south_west_lat": 27.615827338099997, "north_east_lat": 45.756474820100003, "north_east_long": 42.010820000000002}, "threshold_info": {"10.0": {"count_of_points": 8229, "aep_min": 3.6569999999999999e-10, "ari_min": 784.22518727999363, "ari_max": 2734481815.6959257, "aep_max": 0.0012751439461774999}, "1.0": {"count_of_points": 40814, "aep_min": 3.6569999999999999e-10, "ari_min": 1433.156187900576, "ari_max": 2734481815.6959257, "aep_max": 0.00069776065473009996}, "0.1": {"count_of_points": 183819, "aep_min": 3.6569999999999999e-10, "ari_min": 816.47921442483732, "ari_max": 2734481815.6959257, "aep_max": 0.0012247709217}, "1000.0": {"count_of_points": 17, "aep_min": 9.6236841999999993e-09, "ari_min": 5195515.4501064001, "ari_max": 103910309.11010152, "aep_max": 1.9247368419999999e-07}, "10000.0": {"count_of_points": 0}, "100.0": {"count_of_points": 901, "aep_min": 3.7546199999999998e-10, "ari_min": 2429146.5136007941, "ari_max": 2663385375.8835783, "aep_max": 4.1166722320000001e-07}}}