{"bounds": {"south_west_long": -103.58149999999999, "south_west_lat": 5.3136690647, "north_east_lat": 23.903956834500001, "north_east_long": -77.914270000000002}, "threshold_info": {"10.0": {"count_of_points": 7884, "aep_min": 4.4600000000000001e-10, "ari_min": 799.83872324934168, "ari_max": 2242152466.367713, "aep_max": 0.0012502520457342999}, "1.0": {"count_of_points": 28229, "aep_min": 4.4600000000000001e-10, "ari_min": 440.28702737467484, "ari_max": 2242152466.367713, "aep_max": 0.0022712456598205002}, "0.1": {"count_of_points": 108529, "aep_min": 4.4600000000000001e-10, "ari_min": 312.46849374318805, "ari_max": 2242152466.367713, "aep_max": 0.0032003226565999999}, "1000.0": {"count_of_points": 138, "aep_min": 3.0547945000000001e-09, "ari_min": 249851.77711972321, "ari_max": 327354262.29162061, "aep_max": 4.0023729730000001e-06}, "10000.0": {"count_of_points": 0}, "100.0": {"count_of_points": 1690, "aep_min": 4.4734199999999999e-10, "ari_min": 40803.019217787958, "ari_max": 2235426139.2849321, "aep_max": 2.4507990319600001e-05}}}