{"bounds": {"south_west_long": -50.895310000000002, "south_west_lat": 54.549280575499999, "north_east_lat": 73.81402877699999, "north_east_long": 16.858000000000001}, "threshold_info": {"10.0": {"count_of_points": 37396, "aep_min": 2.5000000000000001e-11, "ari_min": 355.47231573661895, "ari_max": 40000000000.0, "aep_max": 0.0028131585941587999}, "1.0": {"count_of_points": 133020, "aep_min": 2.5000000000000001e-11, "ari_min": 454.73839522820384, "ari_max": 40000000000.0, "aep_max": 0.0021990665633109001}, "0.1": {"count_of_points": 394317, "aep_min": 2.5000000000000001e-11, "ari_min": 339.0902631884465, "ari_max": 40000000000.0, "aep_max": 0.0029490672795999999}, "1000.0": {"count_of_points": 658, "aep_min": 2.7777780000000002e-10, "ari_min": 328218.5935833265, "ari_max": 3599999712.0000229, "aep_max": 3.0467500000000001e-06}, "10000.0": {"count_of_points": 0}, "100.0": {"count_of_points": 8404, "aep_min": 2.5853199999999999e-11, "ari_min": 35963.414548897832, "ari_max": 38679931304.442001, "aep_max": 2.7806036010300002e-05}}}