{"bounds": {"south_west_long": 92.11648000000001, "south_west_lat": 11.3388489209, "north_east_lat": 13.1125899281, "north_east_long": 94.741929999999996}, "threshold_info": {"10.0": {"count_of_points": 34, "aep_min": 7.8701785709999999e-07, "ari_min": 307.85885087297055, "ari_max": 1270619.2000328882, "aep_max": 0.0032482418392857002}, "1.0": {"count_of_points": 299, "aep_min": 6.1702199999999995e-07, "ari_min": 288.32123011805936, "ari_max": 1620687.7550557356, "aep_max": 0.0034683536817269002}, "0.1": {"count_of_points": 1299, "aep_min": 6.1702199999999995e-07, "ari_min": 287.19677882918882, "ari_max": 1620687.7550557356, "aep_max": 0.003481933203}, "1000.0": {"count_of_points": 0}, "10000.0": {"count_of_points": 0}, "100.0": {"count_of_points": 0}}}