{"bounds": {"south_west_long": 82.908750000000012, "south_west_lat": -17.797841726600002, "north_east_lat": 14.3715827338, "north_east_long": 141.13991999999999}, "threshold_info": {"10.0": {"count_of_points": 76722, "aep_min": 2.2799999999999999e-10, "ari_min": 119.15434937401851, "ari_max": 4385964912.2807016, "aep_max": 0.0083924758538276995}, "1.0": {"count_of_points": 218425, "aep_min": 2.2799999999999999e-10, "ari_min": 62.431446801234806, "ari_max": 4385964912.2807016, "aep_max": 0.016017568889340899}, "0.1": {"count_of_points": 507682, "aep_min": 2.2799999999999999e-10, "ari_min": 61.730578857166051, "ari_max": 4385964912.2807016, "aep_max": 0.016199426905000001}, "1000.0": {"count_of_points": 1172, "aep_min": 1.0363636e-09, "ari_min": 16289.125050972698, "ari_max": 964912314.55832684, "aep_max": 6.1390651546399996e-05}, "10000.0": {"count_of_points": 0}, "100.0": {"count_of_points": 16698, "aep_min": 2.298387e-10, "ari_min": 2673.7770263078514, "ari_max": 4350877376.1772928, "aep_max": 0.0003740027646886}}}