{"bounds": {"south_west_long": -9.0787399999999998, "south_west_lat": 28.649999999999999, "north_east_lat": 49.893165467599999, "north_east_long": 35.722619999999999}, "threshold_info": {"10.0": {"count_of_points": 21485, "aep_min": 1.6699999999999999e-10, "ari_min": 2110.0261880656199, "ari_max": 5988023952.095809, "aep_max": 0.0004739277671794}, "1.0": {"count_of_points": 73680, "aep_min": 1.6699999999999999e-10, "ari_min": 183.43262608259479, "ari_max": 5988023952.095809, "aep_max": 0.0054515928892045996}, "0.1": {"count_of_points": 240100, "aep_min": 1.6699999999999999e-10, "ari_min": 113.76817825440186, "ari_max": 5988023952.095809, "aep_max": 0.0087898041028999993}, "1000.0": {"count_of_points": 93, "aep_min": 6.4230769000000004e-09, "ari_min": 71114.330335603372, "ari_max": 155688623.31385133, "aep_max": 1.40618634146e-05}, "10000.0": {"count_of_points": 0}, "100.0": {"count_of_points": 3067, "aep_min": 1.7252070000000001e-10, "ari_min": 13290.668147665341, "ari_max": 5796405880.5696936, "aep_max": 7.5240762081299993e-05}}}