{"bounds": {"south_west_long": 111.69975000000001, "south_west_lat": 18.8028776978, "north_east_lat": 53.130575539600002, "north_east_long": 164.72068999999999}, "threshold_info": {"10.0": {"count_of_points": 98698, "aep_min": 1.5e-11, "ari_min": 193.74050835984207, "ari_max": 66666666666.666664, "aep_max": 0.0051615431819898999}, "1.0": {"count_of_points": 243018, "aep_min": 1.5e-11, "ari_min": 299.17651405348118, "ari_max": 66666666666.666664, "aep_max": 0.0033425083622079998}, "0.1": {"count_of_points": 517699, "aep_min": 1.5e-11, "ari_min": 199.32728798769486, "ari_max": 66666666666.666664, "aep_max": 0.0050168745589000002}, "1000.0": {"count_of_points": 1138, "aep_min": 2.8571430000000001e-10, "ari_min": 181043.36685082753, "ari_max": 3499999825.0000086, "aep_max": 5.5235384615000004e-06}, "10000.0": {"count_of_points": 0}, "100.0": {"count_of_points": 24190, "aep_min": 1.5690400000000001e-11, "ari_min": 72337.349501528501, "ari_max": 63733238158.364349, "aep_max": 1.38241172353e-05}}}