{"bounds": {"south_west_long": 22.67671, "south_west_lat": -9.7492805755000003, "north_east_lat": 11.6737410072, "north_east_long": 48.34395}, "threshold_info": {"10.0": {"count_of_points": 10268, "aep_min": 2.0999999999999999e-11, "ari_min": 1782.0763105819558, "ari_max": 47619047619.047623, "aep_max": 0.00056114319800000003}, "1.0": {"count_of_points": 39288, "aep_min": 2.0999999999999999e-11, "ari_min": 1864.7252641587183, "ari_max": 47619047619.047623, "aep_max": 0.00053627202849699997}, "0.1": {"count_of_points": 119768, "aep_min": 2.0999999999999999e-11, "ari_min": 1762.6113696035131, "ari_max": 47619047619.047623, "aep_max": 0.00056734003719999997}, "1000.0": {"count_of_points": 65, "aep_min": 1.1797749999999999e-10, "ari_min": 3940110.3230890464, "ari_max": 8476192494.3315468, "aep_max": 2.5380000000000001e-07}, "10000.0": {"count_of_points": 0}, "100.0": {"count_of_points": 1440, "aep_min": 2.0999999999999999e-11, "ari_min": 495931.46372062713, "ari_max": 47619047619.047623, "aep_max": 2.0164076554000001e-06}}}