{"bounds": {"south_west_long": 46.077819999999996, "south_west_lat": -19.596402877700001, "north_east_lat": -18.452158273399998, "north_east_long": 47.580379999999998}, "threshold_info": {"10.0": {"count_of_points": 1, "aep_min": 7.4965000000000001e-06, "ari_min": 133395.58460614952, "ari_max": 133395.58460614952, "aep_max": 7.4965000000000001e-06}, "1.0": {"count_of_points": 51, "aep_min": 8.4898075000000001e-09, "ari_min": 164738.88280679533, "ari_max": 117788300.85370016, "aep_max": 6.0702123443000002e-06}, "0.1": {"count_of_points": 413, "aep_min": 7.4965000000000003e-09, "ari_min": 136117.94347566279, "ari_max": 133395584.60614952, "aep_max": 7.3465699999999997e-06}, "1000.0": {"count_of_points": 0}, "10000.0": {"count_of_points": 0}, "100.0": {"count_of_points": 0}}}