{"bounds": {"south_west_long": -117.8198, "south_west_lat": 10.2597122302, "north_east_lat": 29.974100719400003, "north_east_long": -87.975400000000008}, "threshold_info": {"10.0": {"count_of_points": 18251, "aep_min": 9.9999999999999994e-12, "ari_min": 3332.6324347986224, "ari_max": 100000000000.0, "aep_max": 0.00030006309413490001}, "1.0": {"count_of_points": 46232, "aep_min": 9.9999999999999994e-12, "ari_min": 1012.0360393644129, "ari_max": 100000000000.0, "aep_max": 0.00098810710400000002}, "0.1": {"count_of_points": 124532, "aep_min": 9.9999999999999994e-12, "ari_min": 730.1019892975736, "ari_max": 100000000000.0, "aep_max": 0.001369671655}, "1000.0": {"count_of_points": 194, "aep_min": 8.6206899999999999e-11, "ari_min": 4534953.3662128942, "ari_max": 11599999536.000019, "aep_max": 2.2050943399999999e-07}, "10000.0": {"count_of_points": 0}, "100.0": {"count_of_points": 4395, "aep_min": 1.0204099999999999e-11, "ari_min": 653140.3904795344, "ari_max": 97999823600.31752, "aep_max": 1.5310643999e-06}}}