{"bounds": {"south_west_long": -94.23903, "south_west_lat": 14.081654676300001, "north_east_lat": 16.305035971200002, "north_east_long": -91.02967000000001}, "threshold_info": {"10.0": {"count_of_points": 41, "aep_min": 1.7208118810000001e-07, "ari_min": 16991.84344409555, "ari_max": 5811210.458512635, "aep_max": 5.8851766336600002e-05}, "1.0": {"count_of_points": 438, "aep_min": 1.042812e-07, "ari_min": 1985.2172258045873, "ari_max": 9589456.2011177465, "aep_max": 0.00050372321325929995}, "0.1": {"count_of_points": 2235, "aep_min": 1.042812e-07, "ari_min": 1710.7780792040255, "ari_max": 9589456.2011177465, "aep_max": 0.00058452935080000002}, "1000.0": {"count_of_points": 0}, "10000.0": {"count_of_points": 0}, "100.0": {"count_of_points": 0}}}