{"bounds": {"south_west_long": 99.033510000000007, "south_west_lat": 47.399999999999999, "north_east_lat": 49.038848920900001, "north_east_long": 101.34455}, "threshold_info": {"10.0": {"count_of_points": 0}, "1.0": {"count_of_points": 89, "aep_min": 2.21986971e-08, "ari_min": 134470.71319877444, "ari_max": 45047688.85737893, "aep_max": 7.4365635179000002e-06}, "0.1": {"count_of_points": 917, "aep_min": 1.363e-08, "ari_min": 77391.953094285069, "ari_max": 73367571.533382237, "aep_max": 1.292124e-05}, "1000.0": {"count_of_points": 0}, "10000.0": {"count_of_points": 0}, "100.0": {"count_of_points": 0}}}