{"bounds": {"south_west_long": -64.998859999999993, "south_west_lat": 16.464748201399999, "north_east_lat": 18.778057554, "north_east_long": -61.924250000000001}, "threshold_info": {"10.0": {"count_of_points": 47, "aep_min": 6.1371784200000003e-08, "ari_min": 4424.120292821287, "ari_max": 16294132.768589118, "aep_max": 0.0002260336369295}, "1.0": {"count_of_points": 447, "aep_min": 1.59183673e-08, "ari_min": 4348.7139358013374, "ari_max": 62820513.005752794, "aep_max": 0.00022995304238510001}, "0.1": {"count_of_points": 1840, "aep_min": 4.4371799999999998e-08, "ari_min": 4043.5919053344119, "ari_max": 22536836.459192552, "aep_max": 0.00024730487730000001}, "1000.0": {"count_of_points": 0}, "10000.0": {"count_of_points": 0}, "100.0": {"count_of_points": 0}}}