{"bounds": {"south_west_long": -180.08203, "south_west_lat": -48.373381295000002, "north_east_lat": -20.205755395699999, "north_east_long": 180.08187999999998}, "threshold_info": {"10.0": {"count_of_points": 29660, "aep_min": 1.6e-11, "ari_min": 606.524773390061, "ari_max": 62500000000.0, "aep_max": 0.0016487372715391}, "1.0": {"count_of_points": 121531, "aep_min": 1.6e-11, "ari_min": 93.600131006147265, "ari_max": 62500000000.0, "aep_max": 0.0106837457303807}, "0.1": {"count_of_points": 372731, "aep_min": 1.6e-11, "ari_min": 59.905451139723077, "ari_max": 62500000000.0, "aep_max": 0.016692971690800001}, "1000.0": {"count_of_points": 122, "aep_min": 1.9277110000000001e-10, "ari_min": 10577.762402369597, "ari_max": 5187499578.5156593, "aep_max": 9.4537952542399998e-05}, "10000.0": {"count_of_points": 0}, "100.0": {"count_of_points": 4117, "aep_min": 1.6194299999999999e-11, "ari_min": 2532.7521132321049, "ari_max": 61750121956.490868, "aep_max": 0.00039482742696199998}}}