{"bounds": {"south_west_long": -99.449249999999992, "south_west_lat": 3.1553956835000001, "north_east_lat": 22.0604316547, "north_east_long": -73.108280000000008}, "threshold_info": {"10.0": {"count_of_points": 10245, "aep_min": 5.6999999999999997e-11, "ari_min": 81.202330580845299, "ari_max": 17543859649.122807, "aep_max": 0.0123149174764682}, "1.0": {"count_of_points": 37068, "aep_min": 5.6999999999999997e-11, "ari_min": 75.362532259893001, "ari_max": 17543859649.122807, "aep_max": 0.013269193192068301}, "0.1": {"count_of_points": 139417, "aep_min": 5.6999999999999997e-11, "ari_min": 74.230056984230743, "ari_max": 17543859649.122807, "aep_max": 0.0134716318514}, "1000.0": {"count_of_points": 178, "aep_min": 2.85e-10, "ari_min": 128525.26439435765, "ari_max": 3508771929.8245616, "aep_max": 7.7805714285999998e-06}, "10000.0": {"count_of_points": 0}, "100.0": {"count_of_points": 2412, "aep_min": 5.6999999999999997e-11, "ari_min": 13412.180134202928, "ari_max": 17543859649.122807, "aep_max": 7.4559094046900004e-05}}}