{"bounds": {"south_west_long": -12.671999999999999, "south_west_lat": 69.522302158300008, "north_east_lat": 74.038848920899994, "north_east_long": 3.5629300000000002}, "threshold_info": {"10.0": {"count_of_points": 129, "aep_min": 6.3809670329999999e-07, "ari_min": 570.57734956346155, "ari_max": 1567160.580564623, "aep_max": 0.0017526107560439999}, "1.0": {"count_of_points": 2314, "aep_min": 3.4840080000000001e-07, "ari_min": 760.95447532532273, "ari_max": 2870257.4735764097, "aep_max": 0.0013141390614365999}, "0.1": {"count_of_points": 14308, "aep_min": 3.4840080000000001e-07, "ari_min": 541.92286837089762, "ari_max": 2870257.4735764097, "aep_max": 0.0018452810508000001}, "1000.0": {"count_of_points": 0}, "10000.0": {"count_of_points": 0}, "100.0": {"count_of_points": 0}}}