{"bounds": {"south_west_long": -84.85163, "south_west_lat": 8.1014388489000009, "north_east_lat": 9.6503597122000002, "north_east_long": -81.552440000000004}, "threshold_info": {"10.0": {"count_of_points": 30, "aep_min": 1.7475123599999999e-08, "ari_min": 110685.1101981406, "ari_max": 57224201.83626055, "aep_max": 9.0346388796999999e-06}, "1.0": {"count_of_points": 273, "aep_min": 1.06074e-08, "ari_min": 18460.161816521104, "ari_max": 94273808.850425169, "aep_max": 5.4170706082599999e-05}, "0.1": {"count_of_points": 1333, "aep_min": 1.06074e-08, "ari_min": 16930.555417689102, "ari_max": 94273808.850425169, "aep_max": 5.9064807699999998e-05}, "1000.0": {"count_of_points": 0}, "10000.0": {"count_of_points": 0}, "100.0": {"count_of_points": 0}}}