{"bounds": {"south_west_long": 132.22626, "south_west_lat": -18.292446043200002, "north_east_lat": 6.6827338128999996, "north_east_long": 166.83172999999999}, "threshold_info": {"10.0": {"count_of_points": 32118, "aep_min": 1.4e-11, "ari_min": 104.82075713169112, "ari_max": 71428571428.571426, "aep_max": 0.0095400951811829993}, "1.0": {"count_of_points": 86190, "aep_min": 1.4e-11, "ari_min": 102.42626236542935, "ari_max": 71428571428.571426, "aep_max": 0.0097631210678397005}, "0.1": {"count_of_points": 216169, "aep_min": 1.4e-11, "ari_min": 102.64191673815851, "ari_max": 71428571428.571426, "aep_max": 0.0097426083980000008}, "1000.0": {"count_of_points": 430, "aep_min": 4.2682900000000002e-11, "ari_min": 85887.658941880713, "ari_max": 23428586155.111298, "aep_max": 1.16431162791e-05}, "10000.0": {"count_of_points": 0}, "100.0": {"count_of_points": 7010, "aep_min": 1.4e-11, "ari_min": 10900.892381248063, "ari_max": 71428571428.571426, "aep_max": 9.1735608886500005e-05}}}