{"bounds": {"south_west_long": -84.088059999999999, "south_west_lat": -25.216906474800002, "north_east_lat": -6.8514388489, "north_east_long": -62.508159999999997}, "threshold_info": {"10.0": {"count_of_points": 9296, "aep_min": 1.217e-09, "ari_min": 7112.0526387165874, "ari_max": 821692686.93508625, "aep_max": 0.00014060638338870001}, "1.0": {"count_of_points": 27551, "aep_min": 1.217e-09, "ari_min": 1006.9191666712911, "ari_max": 821692686.93508625, "aep_max": 0.00099312837921820005}, "0.1": {"count_of_points": 84026, "aep_min": 1.217e-09, "ari_min": 801.56458340086488, "ari_max": 821692686.93508625, "aep_max": 0.0012475601101999999}, "1000.0": {"count_of_points": 91, "aep_min": 8.8188405999999999e-09, "ari_min": 1947818.9555136866, "ari_max": 113393590.53615279, "aep_max": 5.1339473679999995e-07}, "10000.0": {"count_of_points": 0}, "100.0": {"count_of_points": 1888, "aep_min": 1.2585315000000001e-09, "ari_min": 238541.34647833233, "ari_max": 794576854.05569899, "aep_max": 4.1921453650000002e-06}}}