{"bounds": {"south_west_long": 107.65733, "south_west_lat": -1.8805755396000001, "north_east_lat": 29.389568345300003, "north_east_long": 136.2441}, "threshold_info": {"10.0": {"count_of_points": 39910, "aep_min": 4.8999999999999999e-11, "ari_min": 173.96178112291602, "ari_max": 20408163265.306122, "aep_max": 0.0057483890630748999}, "1.0": {"count_of_points": 110268, "aep_min": 4.8999999999999999e-11, "ari_min": 176.68633589710038, "ari_max": 20408163265.306122, "aep_max": 0.0056597472290239002}, "0.1": {"count_of_points": 264809, "aep_min": 4.8999999999999999e-11, "ari_min": 163.89616927669107, "ari_max": 20408163265.306122, "aep_max": 0.0061014238734999997}, "1000.0": {"count_of_points": 488, "aep_min": 2.5654450000000001e-10, "ari_min": 125992.09777540073, "ari_max": 3897959223.4485631, "aep_max": 7.9370057143000002e-06}, "10000.0": {"count_of_points": 0}, "100.0": {"count_of_points": 9087, "aep_min": 4.9246200000000002e-11, "ari_min": 13450.453241555093, "ari_max": 20306135295.718246, "aep_max": 7.4346937016999998e-05}}}