{"bounds": {"south_west_long": -47.616460000000004, "south_west_lat": 28.694964028799998, "north_east_lat": 48.544244604300005, "north_east_long": -4.3422400000000003}, "threshold_info": {"10.0": {"count_of_points": 21676, "aep_min": 6.2000000000000006e-11, "ari_min": 17068.64437722, "ari_max": 16129032258.064514, "aep_max": 5.8586960856399997e-05}, "1.0": {"count_of_points": 75612, "aep_min": 6.2000000000000006e-11, "ari_min": 5110.078928458418, "ari_max": 16129032258.064514, "aep_max": 0.0001956916936118}, "0.1": {"count_of_points": 254456, "aep_min": 6.2000000000000006e-11, "ari_min": 2918.5653891177758, "ari_max": 16129032258.064514, "aep_max": 0.00034263409129999998}, "1000.0": {"count_of_points": 106, "aep_min": 3.4444443999999999e-09, "ari_min": 539105.20007544465, "ari_max": 290322584.39125913, "aep_max": 1.8549255319e-06}, "10000.0": {"count_of_points": 0}, "100.0": {"count_of_points": 3282, "aep_min": 6.5608499999999994e-11, "ari_min": 171791.30161738172, "ari_max": 15241927494.150911, "aep_max": 5.8210164926e-06}}}