{"bounds": {"south_west_long": -180.08203, "south_west_lat": 37.462949640299996, "north_east_lat": 67.249280575499995, "north_east_long": 180.08187999999998}, "threshold_info": {"10.0": {"count_of_points": 84473, "aep_min": 1.2000000000000001e-11, "ari_min": 350.1132107396312, "ari_max": 83333333333.333328, "aep_max": 0.0028562189866742}, "1.0": {"count_of_points": 227711, "aep_min": 1.2000000000000001e-11, "ari_min": 194.04414031918859, "ari_max": 83333333333.333328, "aep_max": 0.0051534666203012997}, "0.1": {"count_of_points": 511408, "aep_min": 1.2000000000000001e-11, "ari_min": 103.64681418850849, "ari_max": 83333333333.333328, "aep_max": 0.0096481499004999992}, "1000.0": {"count_of_points": 1100, "aep_min": 2.1052630000000001e-10, "ari_min": 108911.93244063025, "ari_max": 4750000356.2500267, "aep_max": 9.1817303907000008e-06}, "10000.0": {"count_of_points": 0}, "100.0": {"count_of_points": 22595, "aep_min": 1.32743e-11, "ari_min": 18646.414254935939, "ari_max": 75333539245.007263, "aep_max": 5.3629614054899997e-05}}}