{"bounds": {"south_west_long": -64.594619999999992, "south_west_lat": 16.419784172699998, "north_east_lat": 18.5082733813, "north_east_long": -61.520009999999999}, "threshold_info": {"10.0": {"count_of_points": 41, "aep_min": 1.0716455699999999e-08, "ari_min": 25619.763980995212, "ari_max": 93314434.174351141, "aep_max": 3.9032365822799999e-05}, "1.0": {"count_of_points": 394, "aep_min": 7.6194000000000004e-09, "ari_min": 24649.140181301522, "ari_max": 131243929.96823896, "aep_max": 4.0569366421900001e-05}, "0.1": {"count_of_points": 1745, "aep_min": 7.6194000000000004e-09, "ari_min": 23126.449114864761, "ari_max": 131243929.96823896, "aep_max": 4.32405336e-05}, "1000.0": {"count_of_points": 0}, "10000.0": {"count_of_points": 0}, "100.0": {"count_of_points": 0}}}