{"bounds": {"south_west_long": -63.067480000000003, "south_west_lat": 13.1374100719, "north_east_lat": 14.8212230216, "north_east_long": -60.217449999999999}, "threshold_info": {"10.0": {"count_of_points": 35, "aep_min": 5.8615323600000003e-08, "ari_min": 4336.523397380246, "ari_max": 17060385.212988909, "aep_max": 0.0002305994706737}, "1.0": {"count_of_points": 300, "aep_min": 4.4371799999999998e-08, "ari_min": 4018.609288199309, "ari_max": 22536836.459192552, "aep_max": 0.0002488423054554}, "0.1": {"count_of_points": 1301, "aep_min": 4.4371799999999998e-08, "ari_min": 4006.2340687845631, "ari_max": 22536836.459192552, "aep_max": 0.00024961097699999999}, "1000.0": {"count_of_points": 0}, "10000.0": {"count_of_points": 0}, "100.0": {"count_of_points": 0}}}