{"bounds": {"south_west_long": -63.381900000000002, "south_west_lat": 12.417985611500001, "north_east_lat": 14.5514388489, "north_east_long": -60.442029999999995}, "threshold_info": {"10.0": {"count_of_points": 38, "aep_min": 3.0470513829999998e-07, "ari_min": 831.43213067165925, "ari_max": 3281861.2957404139, "aep_max": 0.0012027439920949}, "1.0": {"count_of_points": 330, "aep_min": 2.3127119999999999e-07, "ari_min": 774.98545036116582, "ari_max": 4323927.9253101991, "aep_max": 0.0012903468052645}, "0.1": {"count_of_points": 1472, "aep_min": 2.3127119999999999e-07, "ari_min": 764.78108977363911, "ari_max": 4323927.9253101991, "aep_max": 0.0013075637112}, "1000.0": {"count_of_points": 0}, "10000.0": {"count_of_points": 0}, "100.0": {"count_of_points": 0}}}