{"bounds": {"south_west_long": -173.11111, "south_west_lat": -14.110791366899999, "north_east_lat": -13.281294964000001, "north_east_long": -171.83313000000001}, "threshold_info": {"10.0": {"count_of_points": 1, "aep_min": 0.00086823100000000002, "ari_min": 1151.7672140248389, "ari_max": 1151.7672140248389, "aep_max": 0.00086823100000000002}, "1.0": {"count_of_points": 34, "aep_min": 8.8594999999999996e-07, "ari_min": 1163.6411028292189, "ari_max": 1128731.8697443423, "aep_max": 0.0008593715}, "0.1": {"count_of_points": 256, "aep_min": 8.6823100000000001e-07, "ari_min": 1138.1098952814616, "ari_max": 1151767.214024839, "aep_max": 0.00087864977199999996}, "1000.0": {"count_of_points": 0}, "10000.0": {"count_of_points": 0}, "100.0": {"count_of_points": 0}}}