{"bounds": {"south_west_long": 36.555679999999995, "south_west_lat": 16.419784172699998, "north_east_lat": 27.680935251800001, "north_east_long": 43.807459999999999}, "threshold_info": {"10.0": {"count_of_points": 4, "aep_min": 1.4600000000000001e-05, "ari_min": 3841.2341116954053, "ari_max": 68493.150684931505, "aep_max": 0.00026033300000000002}, "1.0": {"count_of_points": 212, "aep_min": 1.7156286699999999e-08, "ari_min": 4308.098907460897, "ari_max": 58287671.305935919, "aep_max": 0.0002321209474249}, "0.1": {"count_of_points": 1914, "aep_min": 1.46e-08, "ari_min": 3829.7448770642127, "ari_max": 68493150.684931502, "aep_max": 0.00026111399900000001}, "1000.0": {"count_of_points": 0}, "10000.0": {"count_of_points": 0}, "100.0": {"count_of_points": 0}}}