{"bounds": {"south_west_long": 155.26805000000002, "south_west_lat": -10.828417266199999, "north_east_lat": -7.6158273381000008, "north_east_long": 166.38257999999999}, "threshold_info": {"10.0": {"count_of_points": 41, "aep_min": 2.3642549999999999e-07, "ari_min": 462.70590412733668, "ari_max": 4229662.1980285542, "aep_max": 0.0021611999999999998}, "1.0": {"count_of_points": 347, "aep_min": 5.5443548399999998e-08, "ari_min": 461.31221164501511, "ari_max": 18036363.632166084, "aep_max": 0.002167729305136}, "0.1": {"count_of_points": 1545, "aep_min": 5.5000000000000003e-08, "ari_min": 457.21927285309948, "ari_max": 18181818.18181818, "aep_max": 0.0021871344}, "1000.0": {"count_of_points": 0}, "10000.0": {"count_of_points": 0}, "100.0": {"count_of_points": 0}}}