{"bounds": {"south_west_long": 37.094670000000001, "south_west_lat": -47.698920863300003, "north_east_lat": -45.880215827299999, "north_east_long": 39.360790000000001}, "threshold_info": {"10.0": {"count_of_points": 0}, "1.0": {"count_of_points": 92, "aep_min": 7.7609626869999997e-07, "ari_min": 4156.4514376495536, "ari_max": 1288499.9455995967, "aep_max": 0.0002405898432836}, "0.1": {"count_of_points": 991, "aep_min": 5.1998449999999999e-07, "ari_min": 2083.5690652988428, "ari_max": 1923134.2472708321, "aep_max": 0.00047994569350000001}, "1000.0": {"count_of_points": 0}, "10000.0": {"count_of_points": 0}, "100.0": {"count_of_points": 0}}}