{"bounds": {"south_west_long": 125.93805, "south_west_lat": 32.561870503599998, "north_east_lat": 38.292446043200002, "north_east_long": 132.56100999999998}, "threshold_info": {"10.0": {"count_of_points": 1, "aep_min": 4.7999999999999998e-06, "ari_min": 208333.33333333334, "ari_max": 208333.33333333334, "aep_max": 4.7999999999999998e-06}, "1.0": {"count_of_points": 143, "aep_min": 6.5128900999999999e-09, "ari_min": 28798.261736884699, "ari_max": 153541666.54831162, "aep_max": 3.47243180556e-05}, "0.1": {"count_of_points": 1510, "aep_min": 4.8e-09, "ari_min": 18377.269126413907, "ari_max": 208333333.33333334, "aep_max": 5.4415049000000001e-05}, "1000.0": {"count_of_points": 0}, "10000.0": {"count_of_points": 0}, "100.0": {"count_of_points": 0}}}