{"bounds": {"south_west_long": -31.80611, "south_west_lat": 19.207553956799998, "north_east_lat": 39.596402877700001, "north_east_long": -2.3210299999999999}, "threshold_info": {"10.0": {"count_of_points": 8369, "aep_min": 3.0299999999999999e-10, "ari_min": 8889.6135701871317, "ari_max": 3300330033.0033007, "aep_max": 0.000112490829}, "1.0": {"count_of_points": 28241, "aep_min": 3.0299999999999999e-10, "ari_min": 15472.38098320286, "ari_max": 3300330033.0033007, "aep_max": 6.4631293728200005e-05}, "0.1": {"count_of_points": 104568, "aep_min": 3.0299999999999999e-10, "ari_min": 9286.7150194714377, "ari_max": 3300330033.0033007, "aep_max": 0.0001076807028}, "1000.0": {"count_of_points": 38, "aep_min": 2.9417476000000002e-09, "ari_min": 9442610.9296638928, "ari_max": 339933990.25803572, "aep_max": 1.059029126e-07}, "10000.0": {"count_of_points": 0}, "100.0": {"count_of_points": 1221, "aep_min": 3.1761009999999998e-10, "ari_min": 1423035.732563287, "ari_max": 3148514483.6389022, "aep_max": 7.0272304279999997e-07}}}