{"bounds": {"south_west_long": 23.61994, "south_west_lat": 12.3226905653, "north_east_lat": 15.745782226399999, "north_east_long": 27.323370000000001}, "threshold_info": {"10.0": {"count_of_points": 1, "aep_min": 1.9999999999999999e-06, "ari_min": 500000.0, "ari_max": 500000.0, "aep_max": 1.9999999999999999e-06}, "1.0": {"count_of_points": 85, "aep_min": 2.2988506e-09, "ari_min": 34559.487023070054, "ari_max": 434999995.21500003, "aep_max": 2.89356146789e-05}, "0.1": {"count_of_points": 680, "aep_min": 2.0000000000000001e-09, "ari_min": 28303.206362696645, "ari_max": 499999999.99999994, "aep_max": 3.5331686000000001e-05}, "1000.0": {"count_of_points": 0}, "10000.0": {"count_of_points": 0}, "100.0": {"count_of_points": 0}}}