{"bounds": {"south_west_long": 120.23375, "south_west_lat": 23.479136690599997, "north_east_lat": 26.421942446000003, "north_east_long": 124.25158999999999}, "threshold_info": {"10.0": {"count_of_points": 58, "aep_min": 3.7763033000000001e-09, "ari_min": 83893.844943301287, "ari_max": 264809238.17745253, "aep_max": 1.1919825592400001e-05}, "1.0": {"count_of_points": 690, "aep_min": 2.3903999999999999e-09, "ari_min": 104282.54467643522, "ari_max": 418340026.77376175, "aep_max": 9.5893325494000003e-06}, "0.1": {"count_of_points": 3203, "aep_min": 2.3903999999999999e-09, "ari_min": 78282.288688547458, "ari_max": 418340026.77376175, "aep_max": 1.27742816e-05}, "1000.0": {"count_of_points": 0}, "10000.0": {"count_of_points": 0}, "100.0": {"count_of_points": 0}}}