{"bounds": {"south_west_long": 19.487689999999997, "south_west_lat": -18.2025179856, "north_east_lat": -0.061870503599999987, "north_east_long": 44.705770000000001}, "threshold_info": {"10.0": {"count_of_points": 6627, "aep_min": 1.5500000000000001e-10, "ari_min": 168.78941905864411, "ari_max": 6451612903.2258062, "aep_max": 0.0059245419859674997}, "1.0": {"count_of_points": 25998, "aep_min": 1.5500000000000001e-10, "ari_min": 177.92710123167487, "ari_max": 6451612903.2258062, "aep_max": 0.0056202792777359}, "0.1": {"count_of_points": 107188, "aep_min": 1.5500000000000001e-10, "ari_min": 164.17176829184825, "ari_max": 6451612903.2258062, "aep_max": 0.0060911812694999998}, "1000.0": {"count_of_points": 76, "aep_min": 9.6273289999999994e-10, "ari_min": 2058629.7760210803, "ari_max": 1038709698.1935489, "aep_max": 4.8576000000000003e-07}, "10000.0": {"count_of_points": 0}, "100.0": {"count_of_points": 1099, "aep_min": 1.5500000000000001e-10, "ari_min": 367566.48800611589, "ari_max": 6451612903.2258062, "aep_max": 2.7205962258000002e-06}}}