{"bounds": {"south_west_long": -176.47979000000001, "south_west_lat": -20.855395683500003, "north_east_lat": -15.124820143900001, "north_east_long": -173.53993}, "threshold_info": {"10.0": {"count_of_points": 52, "aep_min": 8.5931793400000002e-07, "ari_min": 317.65763023944299, "ari_max": 1163713.6389614788, "aep_max": 0.0031480433800574002}, "1.0": {"count_of_points": 547, "aep_min": 9.9578059100000004e-08, "ari_min": 334.48391676320296, "ari_max": 10042372.878504919, "aep_max": 0.0029896803699173001}, "0.1": {"count_of_points": 2655, "aep_min": 9.4399999999999998e-08, "ari_min": 297.71433268612202, "ari_max": 10593220.338983051, "aep_max": 0.0033589246139999998}, "1000.0": {"count_of_points": 0}, "10000.0": {"count_of_points": 0}, "100.0": {"count_of_points": 0}}}