{"bounds": {"south_west_long": 22.901289999999999, "south_west_lat": 29.459352517999999, "north_east_lat": 48.004676259, "north_east_long": 60.471200000000003}, "threshold_info": {"10.0": {"count_of_points": 22316, "aep_min": 1.0030099999999999e-11, "ari_min": 97960.835800158282, "ari_max": 99699903291.093811, "aep_max": 1.0208161168e-05}, "1.0": {"count_of_points": 74259, "aep_min": 9.9999999999999994e-12, "ari_min": 4220.005950719973, "ari_max": 100000000000.0, "aep_max": 0.00023696649049260001}, "0.1": {"count_of_points": 217930, "aep_min": 9.9999999999999994e-12, "ari_min": 2627.5655014846916, "ari_max": 100000000000.0, "aep_max": 0.00038058042680000001}, "1000.0": {"count_of_points": 137, "aep_min": 1.5384619999999999e-10, "ari_min": 31100478.424257688, "ari_max": 6499998050.0005856, "aep_max": 3.2153846199999999e-08}, "10000.0": {"count_of_points": 0}, "100.0": {"count_of_points": 3460, "aep_min": 1.10497e-11, "ari_min": 3093934.9047364155, "ari_max": 90500194575.418335, "aep_max": 3.2321300569999998e-07}}}