{"bounds": {"south_west_long": 29.773399999999999, "south_west_lat": 0.3676258993, "north_east_lat": 1.1071942446, "north_east_long": 31.051380000000002}, "threshold_info": {"10.0": {"count_of_points": 1, "aep_min": 2.79415e-05, "ari_min": 35789.059284576702, "ari_max": 35789.059284576702, "aep_max": 2.79415e-05}, "1.0": {"count_of_points": 30, "aep_min": 3.0044623700000003e-08, "ari_min": 37865.557604911621, "ari_max": 33283825.085817263, "aep_max": 2.6409224193500001e-05}, "0.1": {"count_of_points": 235, "aep_min": 2.7941499999999999e-08, "ari_min": 35329.772245386674, "ari_max": 35789059.284576707, "aep_max": 2.8304739500000002e-05}, "1000.0": {"count_of_points": 0}, "10000.0": {"count_of_points": 0}, "100.0": {"count_of_points": 0}}}