{"bounds": {"south_west_long": -74.251509999999996, "south_west_lat": -68.517266187099992, "north_east_lat": 25.297841726600002, "north_east_long": 5.71889}, "threshold_info": {"10.0": {"count_of_points": 47857, "aep_min": 5.1551550000000001e-10, "ari_min": 2153.403342942901, "ari_max": 1939805883.6252255, "aep_max": 0.00046438118677449998}, "1.0": {"count_of_points": 183001, "aep_min": 5.1499999999999998e-10, "ari_min": 732.58500119412452, "ari_max": 1941747572.8155341, "aep_max": 0.0013650293117795}, "0.1": {"count_of_points": 582676, "aep_min": 5.1499999999999998e-10, "ari_min": 423.28578524078995, "ari_max": 1941747572.8155341, "aep_max": 0.0023624700731000002}, "1000.0": {"count_of_points": 83, "aep_min": 4.8599999999999998e-08, "ari_min": 321502.05761316873, "ari_max": 20576131.687242799, "aep_max": 3.1103999999999999e-06}, "10000.0": {"count_of_points": 0}, "100.0": {"count_of_points": 5470, "aep_min": 6.0163550000000002e-10, "ari_min": 84050.299424419325, "ari_max": 1662135961.0594788, "aep_max": 1.1897637567600001e-05}}}