{"bounds": {"south_west_long": -180.08203, "south_west_lat": -14.605395683499999, "north_east_lat": 69.542446043199988, "north_east_long": 180.08187999999998}, "threshold_info": {"10.0": {"count_of_points": 187044, "aep_min": 2.6000000000000001e-11, "ari_min": 319.36154121953729, "ari_max": 38461538461.53846, "aep_max": 0.003131247413766}, "1.0": {"count_of_points": 563774, "aep_min": 2.6000000000000001e-11, "ari_min": 342.45570469806773, "ari_max": 38461538461.53846, "aep_max": 0.0029200856819764998}, "0.1": {"count_of_points": 1362329, "aep_min": 2.6000000000000001e-11, "ari_min": 297.19950773837434, "ari_max": 38461538461.53846, "aep_max": 0.0033647431235999999}, "1000.0": {"count_of_points": 1588, "aep_min": 3.0232560000000002e-10, "ari_min": 47997.453347971626, "ari_max": 3307692104.142024, "aep_max": 2.0834438709700001e-05}, "10000.0": {"count_of_points": 0}, "100.0": {"count_of_points": 37584, "aep_min": 2.77481e-11, "ari_min": 14554.643311882563, "ari_max": 36038503537.179123, "aep_max": 6.8706596140599995e-05}}}