{"bounds": {"south_west_long": 153.96549000000002, "south_west_lat": -25.846402877700001, "north_east_lat": -4.9629496403000006, "north_east_long": 179.63272999999998}, "threshold_info": {"10.0": {"count_of_points": 14466, "aep_min": 1.9110000000000001e-09, "ari_min": 130.1982262500409, "ari_max": 523286237.57195181, "aep_max": 0.0076805961863069998}, "1.0": {"count_of_points": 50222, "aep_min": 1.9110000000000001e-09, "ari_min": 137.51254695719345, "ari_max": 523286237.57195181, "aep_max": 0.0072720636925683001}, "0.1": {"count_of_points": 161175, "aep_min": 1.9110000000000001e-09, "ari_min": 124.84194238259056, "ari_max": 523286237.57195181, "aep_max": 0.0080101284945999999}, "1000.0": {"count_of_points": 150, "aep_min": 9.2318841000000007e-09, "ari_min": 55499.227980938951, "ari_max": 108320250.68425632, "aep_max": 1.8018268656700001e-05}, "10000.0": {"count_of_points": 0}, "100.0": {"count_of_points": 2574, "aep_min": 1.9110000000000001e-09, "ari_min": 9353.744467904653, "ari_max": 523286237.57195181, "aep_max": 0.0001069090569484}}}