{"bounds": {"south_west_long": 41.271839999999997, "south_west_lat": 13.092446043200001, "north_east_lat": 16.215107913700002, "north_east_long": 46.906640000000003}, "threshold_info": {"10.0": {"count_of_points": 3, "aep_min": 2.6400000000000001e-05, "ari_min": 2416.6263895601742, "ari_max": 37878.78787878788, "aep_max": 0.00041379999999999998}, "1.0": {"count_of_points": 220, "aep_min": 1.4235294099999999e-08, "ari_min": 2692.0820414838281, "ari_max": 70247933.971381739, "aep_max": 0.00037145970464140001}, "0.1": {"count_of_points": 1731, "aep_min": 1.1857999999999999e-08, "ari_min": 2414.2121773827912, "ari_max": 84331253.162422001, "aep_max": 0.00041421379999999997}, "1000.0": {"count_of_points": 0}, "10000.0": {"count_of_points": 0}, "100.0": {"count_of_points": 0}}}