{"bounds": {"south_west_long": 35.573285251133051, "south_west_lat": -0.58453237410071934, "north_east_lat": 0.13489208633093525, "north_east_long": 36.651263592076482}}