{"bounds": {"south_west_long": 35.887695600574887, "south_west_lat": 0.764388489208633, "north_east_lat": 1.528776978417266, "north_east_long": 36.875842413106362}}