{"bounds": {"south_west_long": 22.77229245242987, "south_west_lat": -6.3848920863309351, "north_east_lat": 11.555755395683452, "north_east_long": 47.52087852992269}}