{"bounds": {"south_west_long": 37.504663111990027, "south_west_lat": -3.057553956834532, "north_east_lat": -2.3381294964028774, "north_east_long": 38.537725688727477}}