{"bounds": {"south_west_long": 25.242659483758555, "south_west_lat": -9.6672661870503589, "north_east_lat": 8.0485611510791362, "north_east_long": 48.239530757218304}}