{"bounds": {"south_west_long": 34.944464552249386, "south_west_lat": -1.8884892086330933, "north_east_lat": -0.13489208633093525, "north_east_long": 38.133483810873692}}