{"bounds": {"south_west_long": 25.961311711054172, "south_west_lat": 14.883093525179854, "north_east_lat": 15.647482014388487, "north_east_long": 27.218953108821502}}