{"bounds": {"south_west_long": 35.577701883002788, "south_west_lat": -0.60397156516911821, "north_east_lat": 0.15703618815693687, "north_east_long": 36.655680223946206}}