{"bounds": {"south_west_long": 37.509079743859758, "south_west_lat": -3.066055472988694, "north_east_lat": -2.3498128816230093, "north_east_long": 38.542142320597208}}