{"bounds": {"south_west_long": 23.719940132625084, "south_west_lat": 12.422690565294474, "north_east_lat": 13.317993804501583, "north_east_long": 25.022497294598395}}