{"bounds": {"south_west_long": 36.071775289268516, "south_west_lat": 1.9476426665711699, "north_east_lat": 2.5743549340161564, "north_east_long": 37.239585158623896}}