{"bounds": {"south_west_long": 35.892112232444617, "south_west_lat": 0.7837484556019092, "north_east_lat": 1.5447562089279643, "north_east_long": 36.8802590449761}}