{"bounds": {"south_west_long": 35.757364939826687, "south_west_lat": 0.5599226458001425, "north_east_lat": 1.231400075205471, "north_east_long": 36.8802590449761}}