{"bounds": {"south_west_long": 35.937027996650585, "south_west_lat": 1.1866349132451148, "north_east_lat": 1.8133471806901014, "north_east_long": 37.104837866005965}}