{"bounds": {"south_west_long": 35.981943760856552, "south_west_lat": 1.6790516948090328, "north_east_lat": 2.2609988002936632, "north_east_long": 37.015006337594002}}