{"bounds": {"south_west_long": 25.96572834292391, "south_west_lat": 14.884774473114049, "north_east_lat": 15.645782226440105, "north_east_long": 27.223369740691226}}