{"bounds": {"south_west_long": 36.021775289268518, "south_west_lat": 1.8976426665711699, "north_east_lat": 2.6243549340161563, "north_east_long": 37.289585158623893}}