{"bounds": {"south_west_long": 36.426017167122311, "south_west_lat": 2.4795897720558004, "north_east_lat": 2.7586504198972248, "north_east_long": 36.840427516564134}}