{"bounds": {"south_west_long": 35.527701883002791, "south_west_lat": -0.65397156516911825, "north_east_lat": 0.20703618815693686, "north_east_long": 36.705680223946203}}