{"bounds": {"south_west_long": 35.123460005148999, "south_west_lat": -1.5492748043762419, "north_east_lat": -0.19585026948626877, "north_east_long": 37.559079743859755}}