{"bounds": {"south_west_long": 27.712358911162948, "south_west_lat": -4.1904193600372421, "north_east_lat": 9.2495989041488436, "north_east_long": 45.104928130463733}}