{"bounds": {"south_west_long": 36.021775289268518, "south_west_lat": 0.77851361756226534, "north_east_lat": 1.0575742654036902, "north_east_long": 36.436185638710342}}