{"bounds": {"south_west_long": 37.45907974385976, "south_west_lat": -3.1160554729886938, "north_east_lat": -2.2998128816230095, "north_east_long": 38.592142320597205}}