{"bounds": {"south_west_long": 27.802190439574883, "south_west_lat": -3.6084722545526118, "north_east_lat": 9.2495989041488436, "north_east_long": 45.104928130463733}}