{"bounds": {"south_west_long": 36.381101402916343, "south_west_lat": 1.942407828531526, "north_east_lat": 2.0424078285315259, "north_east_long": 36.481101402916337}}