{"bounds": {"south_west_long": 35.84211223244462, "south_west_lat": -0.34061543144662493, "north_east_lat": -0.061554783605200211, "north_east_long": 36.301438346092411}}