{"bounds": {"south_west_long": 37.683658564889626, "south_west_lat": -2.8474645012265567, "north_east_lat": -2.5236386914247761, "north_east_long": 38.142984678537445}}