{"bounds": {"south_west_long": 35.123460005148999, "south_west_lat": -1.5492748043762419, "north_east_lat": 3.2510672014611428, "north_east_long": 37.78365856488962}}