{"bounds": {"south_west_long": 37.818405857507557, "south_west_lat": -2.7579341773058443, "north_east_lat": -2.6579341773058447, "north_east_long": 37.918405857507551}}