{"bounds": {"south_west_long": 22.726709084299596, "south_west_lat": -9.7412994431213811, "north_east_lat": 11.622152488047707, "north_east_long": 48.293947389088018}}