{"bounds": {"south_west_long": 36.021775289268518, "south_west_lat": -0.25108510752591257, "north_east_lat": -0.15108510752591259, "north_east_long": 36.121775289268513}}