{"bounds": {"south_west_long": 35.707364939826689, "south_west_lat": 0.50992264580014246, "north_east_lat": 1.2814000752054711, "north_east_long": 36.930259044976097}}