{"bounds": {"south_west_long": 36.066691053474486, "south_west_lat": -1.0568580228123239, "north_east_lat": -0.77779737497089907, "north_east_long": 36.526017167122305}}