{"bounds": {"south_west_long": 34.898881184119105, "south_west_lat": -1.9521612620194475, "north_east_lat": -0.10631994556555639, "north_east_long": 38.187900442743413}}