{"bounds": {"south_west_long": 22.726709084299596, "south_west_lat": -6.428677458055037, "north_east_lat": 11.622152488047707, "north_east_long": 47.575295161792425}}