{"bounds": {"south_west_long": 35.931943760856555, "south_west_lat": 1.6290516948090328, "north_east_lat": 2.310998800293663, "north_east_long": 37.065006337593999}}