{"bounds": {"south_west_long": 27.712358911162948, "south_west_lat": -4.1904193600372421, "north_east_lat": 3.3853626873422114, "north_east_long": 43.173550269606764}}