{"bounds": {"south_west_long": 25.197076115628288, "south_west_lat": -9.7412994431213811, "north_east_lat": 8.0857046931795828, "north_east_long": 48.293947389088018}}