{"bounds": {"south_west_long": 36.246354110298412, "south_west_lat": 1.8528775046108137, "north_east_lat": 2.1319381524522383, "north_east_long": 36.660764459740236}}