{"bounds": {"south_west_long": 32.877671794850201, "south_west_lat": -2.3998128816230091, "north_east_lat": 0.78898329364155306, "north_east_long": 39.041299962656964}}