{"bounds": {"south_west_long": 36.381101402916343, "south_west_lat": 2.1662336383333072, "north_east_lat": 2.4900594481350877, "north_east_long": 36.840427516564134}}