{"bounds": {"south_west_long": 36.515848695534245, "south_west_lat": 2.3005291242143757, "north_east_lat": 2.4005291242143754, "north_east_long": 36.61584869553424}}