{"bounds": {"south_west_long": 36.201438346092417, "south_west_lat": -1.1016231847726801, "north_east_lat": 2.7586504198972248, "north_east_long": 36.840427516564134}}