{"bounds": {"south_west_long": 35.887027996650588, "south_west_lat": 1.1366349132451148, "north_east_lat": 1.8633471806901014, "north_east_long": 37.154837866005963}}