{"bounds": {"south_west_long": 35.617533411414726, "south_west_lat": -1.2806838326141048, "north_east_lat": -0.55397156516911816, "north_east_long": 37.065006337593999}}