{"bounds": {"south_west_long": 36.156522581886449, "south_west_lat": 1.3604607230468957, "north_east_lat": 1.6395213708883205, "north_east_long": 36.61584869553424}}