{"bounds": {"south_west_long": 36.066691053474486, "south_west_lat": 1.0471045893244024, "north_east_lat": 1.3709303991261834, "north_east_long": 36.481101402916337}}