{"bounds": {"south_west_long": 35.84211223244462, "south_west_lat": 0.73374845560190916, "north_east_lat": 1.5947562089279643, "north_east_long": 36.930259044976097}}