{"bounds": {"south_west_long": 32.877671794850201, "south_west_lat": 1.0471045893244024, "north_east_lat": 4.1463704406682522, "north_east_long": 40.119278303600382}}