{"bounds": {"south_west_long": 36.29126987450438, "south_west_lat": 1.4499910469676081, "north_east_lat": 1.5499910469676081, "north_east_long": 36.391269874504374}}