{"bounds": {"south_west_long": 36.201438346092417, "south_west_lat": 1.1366349132451148, "north_east_lat": 1.2366349132451149, "north_east_long": 36.301438346092411}}