{"bounds": {"south_west_long": 35.392954590384861, "south_west_lat": 2.121468476372951, "north_east_lat": 3.2510672014611428, "north_east_long": 37.78365856488962}}