{"bounds": {"south_west_long": 36.067358657398792, "south_west_lat": 1.9334532374100717, "north_east_lat": 2.5629496402877696, "north_east_long": 37.235168526754165}}