{"bounds": {"south_west_long": 35.932611364780861, "south_west_lat": 1.1690647482014387, "north_east_lat": 1.7985611510791366, "north_east_long": 37.100421234136242}}