{"bounds": {"south_west_long": 35.752948307956956, "south_west_lat": 0.53956834532374098, "north_east_lat": 1.2140287769784173, "north_east_long": 36.875842413106362}}