{"bounds": {"south_west_long": 35.977527128986836, "south_west_lat": 1.6636690647482013, "north_east_lat": 2.2482014388489207, "north_east_long": 37.010589705724286}}