{"bounds": {"south_west_long": 23.715523500755367, "south_west_lat": 12.410071942446042, "north_east_lat": 13.30935251798561, "north_east_long": 25.018080662728675}}