{"bounds": {"south_west_long": 26.230138692365738, "south_west_lat": 15.148130606836542, "north_east_lat": 15.471956416638324, "north_east_long": 26.734380570219532}}