{"bounds": {"south_west_long": 25.915728342923909, "south_west_lat": 14.834774473114049, "north_east_lat": 15.695782226440105, "north_east_long": 27.273369740691226}}