{"bounds": {"south_west_long": 26.419999999999998, "south_west_lat": 15.27, "north_east_lat": 15.370000000000001, "north_east_long": 26.52}}