{"bounds": {"south_west_long": 24.219999999999999, "south_west_lat": 12.899999999999999, "north_east_lat": 13.0, "north_east_long": 24.32}}