{"bounds": {"south_west_long": 24.208929303096806, "south_west_lat": 12.909872508818747, "north_east_lat": 13.009872508818749, "north_east_long": 24.308929303096807}}