{"bounds": {"south_west_long": 24.029266246272908, "south_west_lat": 12.730811860977322, "north_east_lat": 13.099402832739447, "north_east_long": 24.488592359920705}}