{"bounds": {"south_west_long": 23.669940132625083, "south_west_lat": 12.372690565294473, "north_east_lat": 13.367993804501584, "north_east_long": 25.072497294598396}}