{"bounds": {"south_west_long": 24.029266246272908, "south_west_lat": 12.730811860977322, "north_east_lat": 15.471956416638324, "north_east_long": 26.734380570219532}}