{"bounds": {"south_west_long": 23.669940132625083, "south_west_lat": 12.372690565294473, "north_east_lat": 15.695782226440105, "north_east_long": 27.273369740691226}}